<?xml version="1.0" encoding="UTF-8"?>
<project-private xmlns="http://www.netbeans.org/ns/project-private/1">
    <editor-bookmarks xmlns="http://www.netbeans.org/ns/editor-bookmarks/2" lastBookmarkId="0"/>
    <open-files xmlns="http://www.netbeans.org/ns/projectui-open-files/2">
        <group>
            <file>file:/C:/Users/Intel/OneDrive/Documents/NetBeansProjects/LibraryTCPChatApp/src/libraryapp/RegisterPage.java</file>
            <file>file:/C:/Users/Intel/OneDrive/Documents/NetBeansProjects/LibraryTCPChatApp/src/libraryapp/LibraryServer.java</file>
            <file>file:/C:/Users/Intel/OneDrive/Documents/NetBeansProjects/LibraryTCPChatApp/src/libraryapp/LibraryClient.java</file>
            <file>file:/C:/Users/Intel/OneDrive/Documents/NetBeansProjects/LibraryTCPChatApp/src/libraryapp/LoginPage.java</file>
            <file>file:/C:/Users/Intel/OneDrive/Documents/NetBeansProjects/LibraryTCPChatApp/src/libraryapp/DBConnection.java</file>
            <file>file:/C:/Users/Intel/OneDrive/Documents/NetBeansProjects/LibraryTCPChatApp/src/libraryapp/DashboardPage.java</file>
        </group>
    </open-files>
</project-private>
